1,10,23,29,33,37,40,16,5140500,2537,113400,40155,10000
2,9,13,21,25,32,42,2,1842000,3763,100800,55480,10000
3,11,16,19,21,27,31,30,1174100,5940,54900,73256,10000
4,14,27,30,31,40,42,2,7282400,2777,152100,52382,10000
5,16,24,29,40,41,42,3,6033800,3043,166500,60434,10000
6,14,15,26,27,40,42,34,4267300,13445,87600,176375,10000
7,2,9,16,25,26,40,42,1605500,13229,65500,206259,10000
8,8,19,25,34,37,39,9,2268100,14279,110500,248242,10000
9,2,4,16,17,36,39,14,8743800,23672,260000,603375,10000
10,9,25,30,33,41,44,6,856400,703234,27300,3410846,10000
11,1,7,36,37,41,42,14,9307100,38515,206800,612805,10000
12,2,11,21,25,39,45,44,1417500,76845,70200,1115084,10000
13,22,23,25,37,38,42,26,5777400,29601,175600,726751,10000
14,2,6,12,31,33,40,15,2568700,77736,93900,1341756,10000
15,3,4,16,30,31,37,13,5571100,39202,144600,827538,10000
16,6,7,24,37,38,40,33,3385200,47255,123500,870770,10000
17,3,4,9,17,32,37,1,2342100,61651,86700,961162,10000
18,3,12,13,19,32,35,29,3953700,38453,136500,693323,10000
19,6,30,38,39,40,43,26,5971100,55154,150900,1135991,10000
20,10,14,18,20,23,30,41,3632100,48158,133900,827470,10000
21,6,12,17,18,31,32,21,1522400,82996,73600,1155368,10000
22,4,5,6,8,17,39,25,3669600,53248,113900,937961,10000
23,5,13,17,18,33,42,44,2098100,63717,90300,990081,10000
24,7,8,27,29,36,43,6,3425300,52777,120000,755905,10000
25,2,4,21,26,43,44,16,4417100,58903,166600,1096200,10000
26,4,5,7,18,20,25,31,2173500,72252,80600,1097093,10000
27,1,20,26,28,37,43,27,5494500,33509,189800,625925,10000
28,9,18,23,25,35,37,1,2434600,57870,97900,938483,10000
29,1,5,13,34,39,40,11,3936800,42347,139800,765661,10000
30,8,17,20,35,36,44,4,3336600,42319,137500,710466,10000
31,7,9,18,23,28,35,32,2391300,58406,92500,863641,10000
32,6,14,19,25,34,44,11,2264500,52704,103300,834746,10000
33,4,7,32,33,40,41,9,2336700,52142,95200,888943,10000
34,9,26,35,37,40,42,2,2015300,68519,74300,922063,10000
35,2,3,11,26,37,43,39,2708700,46866,107800,779854,10000
36,1,10,23,26,28,40,31,3475300,38321,139300,673755,10000
37,7,27,30,33,35,37,42,2908900,46334,107600,782490,10000
38,16,17,22,30,37,43,36,3957900,36377,147700,681031,10000
39,6,7,13,15,21,43,8,3753500,38752,135400,680975,10000
40,7,13,18,19,25,26,6,2356900,65081,76400,798374,10000
41,13,20,23,35,38,43,34,3282100,33805,135900,583744,10000
42,17,18,19,21,23,32,1,3275200,79543,115700,1393691,10000
43,6,31,35,38,39,44,1,3194600,45078,131200,776043,10000
44,3,11,21,30,38,45,39,3569100,40092,139700,696051,10000
45,1,10,20,27,33,35,17,3129700,45470,122500,775339,10000
46,8,13,15,23,31,38,39,2554000,45243,117700,745199,10000
47,14,17,26,31,36,45,27,3002600,40580,133400,679466,10000
48,6,10,18,26,37,38,3,1888700,58047,83200,874668,10000
49,4,7,16,19,33,40,30,1543600,66451,69000,929635,10000
50,2,10,12,15,22,44,1,3164000,40296,129700,664631,10000
51,2,3,11,16,26,44,35,2519300,45707,105900,706567,10000
52,2,4,15,16,20,29,1,3887200,34665,150000,619109,10000
53,7,8,14,32,33,39,42,3126100,45372,110500,742615,10000
54,1,8,21,27,36,39,37,3580400,34854,147700,617337,10000
55,17,21,31,37,40,44,7,3245700,42550,111000,746855,10000
56,10,14,30,31,33,37,19,1853100,41156,122300,744566,10000
57,7,10,16,25,29,44,6,2857200,44050,124500,763692,10000
58,10,24,25,33,40,44,1,1859600,58215,84200,880954,10000
59,6,29,36,39,41,45,13,4226900,35026,157100,626460,10000
60,2,8,25,36,39,42,11,2329500,45712,110800,735708,10000
61,14,15,19,30,38,43,8,3740000,41227,143100,714784,10000
62,3,8,15,27,29,35,21,3179900,41686,126400,700804,10000
63,3,20,23,36,38,40,5,3204700,41505,127200,712954,10000
64,14,15,18,21,26,36,39,3993600,37117,140000,654379,10000
65,4,25,33,36,40,43,39,2477800,52556,94500,848960,10000
66,2,3,7,17,22,24,45,3125600,40188,122200,712181,10000
67,3,7,10,15,36,38,33,2537900,46740,105500,748901,10000
68,10,12,15,16,26,39,38,3255800,43265,113400,735760,10000
69,5,8,14,15,19,39,35,3239300,41220,120300,704209,10000
70,5,19,22,25,28,43,26,3508500,36781,136700,645990,10000
71,5,9,12,16,29,41,21,3177500,39516,125700,659631,10000
72,2,4,11,17,26,27,1,1824500,113994,80300,1702959,10000
73,3,12,18,32,40,43,38,2029800,55608,99500,865131,10000
74,6,15,17,18,35,40,23,2588100,48438,109100,802633,10000
75,2,5,24,32,34,44,28,3194300,40782,127900,697174,10000
76,1,3,15,22,25,37,43,2956700,44504,111600,770522,10000
77,2,18,29,32,43,44,37,3615500,37033,139200,643154,10000
78,10,13,25,29,33,35,38,2578600,42450,110500,716323,10000
79,3,12,24,27,30,32,14,1904373,49431,92154,741871,10000
80,17,18,24,25,26,30,1,2651602,40251,114362,706432,10000
81,5,7,11,13,20,33,6,2162436,51654,87580,787258,10000
82,1,2,3,14,27,42,39,3810177,36139,134320,638058,10000
83,6,10,15,17,19,34,14,2775930,45924,102880,763287,10000
84,16,23,27,34,42,45,11,4026131,32402,157805,582445,10000
85,6,8,13,23,31,36,21,2804464,41746,110577,664492,10000
86,2,12,37,39,41,45,33,3887667,35057,135515,616434,10000
87,4,12,16,23,34,43,26,2639059,54768,120466,890859,10000
88,1,17,20,24,30,41,27,1729902,64639,63321,1098115,5000
89,4,26,28,29,33,40,37,1585195,72667,58463,1261896,5000
90,17,20,29,35,38,44,10,1691820,67888,64645,1160774,5000
91,1,21,24,26,29,42,27,1982242,64183,74431,1128902,5000
92,3,14,24,33,35,36,17,1393098,79319,57011,1307607,5000
93,6,22,24,36,38,44,19,1552106,68597,66160,1185275,5000
94,5,32,34,40,41,45,6,1659527,71106,63155,1223793,5000
95,8,17,27,31,34,43,14,1348566,82432,56540,1347106,5000
96,1,3,8,21,22,31,20,1800326,65301,66002,1111779,5000
97,6,7,14,15,20,36,3,1454518,77227,58123,1282678,5000
98,6,9,16,23,24,32,43,1126941,87818,48251,1385812,5000
99,1,3,10,27,29,37,11,1372056,77203,56196,1282311,5000
100,1,7,11,23,37,42,6,1431484,76899,57484,1235777,5000
101,1,3,17,32,35,45,8,1605752,73210,61634,1246344,5000
102,17,22,24,26,35,40,42,1616664,75476,57919,1322337,5000
103,5,14,15,27,30,45,10,1424797,75587,59679,1231156,5000
104,17,32,33,34,42,44,35,1704240,71824,61361,1246208,5000
105,8,10,20,34,41,45,28,1711386,69127,65904,1192263,5000
106,4,10,12,22,24,33,29,1051182,93551,46205,1415989,5000
107,1,4,5,6,9,31,17,1020928,91651,48590,1301235,5000
108,7,18,22,23,29,44,12,1595111,70827,65853,1223421,5000
109,1,5,34,36,42,44,33,1670246,73179,68153,1271057,5000
110,7,20,22,23,29,43,1,1640181,73674,61980,1196287,5000
111,7,18,31,33,36,40,27,1268194,86863,50633,1389605,5000
112,26,29,30,33,41,42,43,1715991,70247,66933,1227387,5000
113,4,9,28,33,36,45,26,1583701,72711,64428,1241238,5000
114,11,14,19,26,28,41,2,1584404,78504,60185,1283250,5000
115,1,2,6,9,25,28,31,1122053,91627,48739,1447287,5000
116,2,4,25,31,34,37,17,1343346,91897,50725,1499198,5000
117,5,10,22,34,36,44,35,1423610,78361,59662,1267826,5000
118,3,4,10,17,19,22,38,1294624,83233,51983,1390561,5000
119,3,11,13,14,17,21,38,1142743,85327,51856,1355365,5000
120,4,6,10,11,32,37,30,1359667,80400,54286,1377368,5000
121,12,28,30,34,38,43,9,1698870,67464,67589,1153689,5000
122,1,11,16,17,36,40,8,1550329,72518,59989,1266949,5000
123,7,17,18,28,30,45,27,1429126,72742,58036,1188107,5000
124,4,16,23,25,29,42,1,1359679,75040,55808,1230275,5000
125,2,8,32,33,35,36,18,1417832,74261,55140,1220272,5000
126,7,20,22,27,40,43,1,1427347,71370,57558,1166992,5000
127,3,5,10,29,32,43,35,1537091,67175,58532,1143382,5000
128,12,30,34,36,37,45,39,1731580,63294,65221,1102953,5000
129,19,23,25,28,38,42,17,1361160,71124,56381,1145600,5000
130,7,19,24,27,42,45,31,1590206,63587,63672,1087239,5000
131,8,10,11,14,15,21,37,1176264,73893,52372,1153272,5000
132,3,17,23,34,41,45,43,1408816,65277,59653,1098225,5000
133,4,7,15,18,23,26,13,1319002,76266,50709,1221679,5000
134,3,12,20,23,31,35,43,1366106,69698,56175,1129299,5000
135,6,14,22,28,35,39,16,1406959,66201,60529,1099249,5000
136,2,16,30,36,41,42,11,1561919,66993,59639,1119075,5000
137,7,9,20,25,36,39,15,1207608,72935,52255,1186655,5000
138,10,11,27,28,37,39,19,1483582,61230,60623,1056925,5000
139,9,11,15,20,28,43,13,1706778,57271,67233,986618,5000
140,3,13,17,18,19,28,8,1341898,64372,54617,1082575,5000
141,8,12,29,31,42,43,2,1661323,58203,65308,1000591,5000
142,12,16,30,34,40,44,19,1407859,64602,57795,1067644,5000
143,26,27,28,42,43,45,8,1672837,57130,69221,986951,5000
144,4,15,17,26,36,37,43,1248279,74181,50416,1180411,5000
145,2,3,13,20,27,44,9,1560328,63120,60169,1093545,5000
146,2,19,27,35,41,42,25,1456596,62524,64439,1038812,5000
147,4,6,13,21,40,42,36,1632412,62412,63558,1067800,5000
148,21,25,33,34,35,36,17,1634035,63358,61124,1079664,5000
149,2,11,21,34,41,42,27,1632987,60450,63267,1016240,5000
150,2,18,25,28,37,39,16,1475969,65200,57907,1100850,5000
151,1,2,10,13,18,19,15,1214681,68250,53073,1113528,5000
152,1,5,13,26,29,34,43,1603415,60282,62986,1021147,5000
153,3,8,11,12,13,36,33,1258888,71562,50875,1137072,5000
154,6,19,21,35,40,45,20,1590485,60181,62847,1020067,5000
155,16,19,20,32,33,41,4,1390450,62882,56917,1035003,5000
156,5,18,28,30,42,45,2,1518808,59506,62789,998192,5000
157,19,26,30,33,35,39,37,1582945,61650,59313,1028734,5000
158,4,9,13,18,21,34,7,1175841,67910,52499,1071741,5000
159,1,18,30,41,42,43,32,1639036,54933,63911,920378,5000
160,3,7,8,34,39,41,1,1696264,58680,62382,1022787,5000
161,22,34,36,40,42,45,44,1517999,66233,63303,1116934,5000
162,1,5,21,25,38,41,24,1641259,61205,62857,1057899,5000
163,7,11,26,28,29,44,16,1367876,66604,57095,1099200,5000
164,6,9,10,11,39,41,27,1246906,74835,54186,1250274,5000
165,5,13,18,19,22,42,31,1469583,78820,57240,1297194,5000
166,9,12,27,36,39,45,14,1351947,70751,57594,1140980,5000
167,24,27,28,30,36,39,4,1581127,64208,64666,1122401,5000
168,3,10,31,40,42,43,30,1268322,74504,52569,1233043,5000
169,16,27,35,37,43,45,19,1766929,62705,65994,1069471,5000
170,2,11,13,15,31,42,10,1469144,67030,57381,1125608,5000
171,4,16,25,29,34,35,1,1420232,71461,54893,1113068,5000
172,4,19,21,24,26,41,35,1553383,65456,60564,1111595,5000
173,3,9,24,30,33,34,18,1369924,78349,50637,1261354,5000
174,13,14,18,22,35,39,16,1559462,64999,63580,1101483,5000
175,19,26,28,31,33,36,17,1466922,67585,58473,1137627,5000
176,4,17,30,32,33,34,15,1256604,76689,50305,1191081,5000
177,1,10,13,16,37,43,6,1567857,64437,61316,1097033,5000
178,1,5,11,12,18,23,9,1199778,74612,50364,1200574,5000
179,5,9,17,25,39,43,32,1170016,69956,51514,1125523,5000
180,2,15,20,21,29,34,22,1496203,62876,61109,1047300,5000
181,14,21,23,32,40,45,44,1574829,60637,64046,1028918,5000
182,13,15,27,29,34,40,35,1515245,59004,63071,1000820,5000
183,2,18,24,34,40,42,5,1373433,67137,52944,1039403,5000
184,1,2,6,16,20,33,41,1313113,63344,55183,1054829,5000
185,1,2,4,8,19,38,14,1434237,65938,53422,1055823,5000
186,4,10,14,19,21,45,9,1524230,58566,60849,984795,5000
187,1,2,8,18,29,38,42,1438300,59780,60295,981217,5000
188,19,24,27,30,31,34,36,1326290,61227,57188,1016219,5000
189,8,14,32,35,37,45,28,1595289,52193,66327,903280,5000
190,8,14,18,30,31,44,15,1756063,53791,66337,918127,5000
191,5,6,24,25,32,37,8,1500504,59650,57606,1017334,5000
192,4,8,11,18,37,45,33,1484729,55766,58467,943042,5000
193,6,14,18,26,36,39,13,1499758,58638,58059,974398,5000
194,15,20,23,26,39,44,28,1648364,53559,65985,917061,5000
195,7,10,19,22,35,40,31,996346,70324,47916,1067833,5000
196,35,36,37,41,44,45,30,1198743,58079,62663,937967,5000
197,7,12,16,34,42,45,4,1467062,58551,61588,993294,5000
198,12,19,20,25,41,45,2,1712243,55693,64564,965692,5000
199,14,21,22,25,30,36,43,1698206,55426,64281,939272,5000
200,5,6,13,14,17,20,7,1292590,66233,54137,1078398,5000
201,3,11,24,38,39,44,26,1202607,61045,53073,985655,5000
202,12,14,27,33,39,44,17,1536844,62532,60558,1043620,5000
203,1,3,11,24,30,32,7,1358287,66916,53913,1095728,5000
204,3,12,14,35,40,45,5,1534856,57646,62837,985516,5000
205,1,3,21,29,35,37,30,1671423,56067,65466,962608,5000
206,1,2,3,15,20,25,43,1093641,66445,50992,1044599,5000
207,3,11,14,31,32,37,38,1457935,60871,57627,1020444,5000
208,14,25,31,34,40,44,24,1438536,64277,54787,1030103,5000
209,2,7,18,20,24,33,37,1223046,65973,50351,1053545,5000
210,10,19,22,23,25,37,39,1319745,64325,53262,1049739,5000
211,12,13,17,20,33,41,8,1319828,64785,53295,1080600,5000
212,11,12,18,21,31,38,8,1444489,64059,55382,1066249,5000
213,2,3,4,5,20,24,42,928463,95451,38462,1203368,5000
214,5,7,20,25,28,37,32,1309124,70219,53433,1167625,5000
215,2,3,7,15,43,44,4,1484219,65898,56218,1062967,5000
216,7,16,17,33,36,40,1,703840,79174,46441,1157342,5000
217,16,20,27,33,35,39,38,1558696,64156,58601,1066490,5000
218,1,8,14,18,29,44,20,1540081,60492,61255,996397,5000
219,4,11,20,26,35,37,16,1402952,63889,56743,1065147,5000
220,5,11,19,21,34,43,31,1486785,67271,58216,1122150,5000
221,2,20,33,35,37,40,10,1119468,75459,47711,1167205,5000
222,5,7,28,29,39,43,44,1715833,57093,66418,981530,5000
223,1,3,18,20,26,27,38,1234369,67509,51782,1107956,5000
224,4,19,26,27,30,42,7,1562151,60549,59753,1025571,5000
225,5,11,13,19,31,36,7,1380888,65281,54448,1080798,5000
226,2,6,8,14,21,22,34,1336476,64076,54439,1026364,5000
227,4,5,15,16,22,42,2,1587653,56663,61811,942116,5000
228,17,25,35,36,39,44,23,1285539,66002,52122,1036309,5000
229,4,5,9,11,23,38,35,1290662,67524,50156,1089603,5000
230,5,11,14,29,32,33,12,1662397,56346,61190,971324,5000
231,5,10,19,31,44,45,27,1288516,59311,55051,970465,5000
232,8,9,10,12,24,44,35,1314178,65000,51274,1023708,5000
233,4,6,13,17,28,40,39,1307109,62535,53259,1021168,5000
234,13,21,22,24,26,37,4,1601363,54926,61167,921750,5000
235,21,22,26,27,31,37,8,1457271,59548,57657,901409,5000
236,1,4,8,13,37,39,7,1602945,54480,61553,940827,5000
237,1,11,17,21,24,44,33,1530725,57338,58626,974357,5000
238,2,4,15,28,31,34,35,1578322,54591,61640,930266,5000
239,11,15,24,39,41,44,7,1570832,55850,60921,927236,5000
240,6,10,16,40,41,43,21,1567728,57376,59238,961510,5000
241,2,16,24,27,28,35,21,1759405,53783,63267,922001,5000
242,4,19,20,21,32,34,43,1322134,60644,54286,975863,5000
243,2,12,17,19,28,42,34,1474656,54055,59418,918683,5000
244,13,16,25,36,37,38,19,1387103,54930,55353,900577,5000
245,9,11,27,31,32,38,22,1477119,57445,56159,959435,5000
246,13,18,21,23,26,39,15,1231179,59600,53462,959025,5000
247,12,15,28,36,39,40,13,1638189,52284,63856,884542,5000
248,3,8,17,23,38,45,13,1417004,58847,55624,961562,5000
249,3,8,27,31,41,44,11,1423070,56034,59378,926776,5000
250,19,23,30,37,43,45,38,1581610,51328,64771,887737,5000
251,6,7,19,25,28,38,45,1376937,62015,55153,1028991,5000
252,14,23,26,31,39,45,28,1493044,51895,62547,874916,5000
253,8,19,25,31,34,36,33,1406439,57084,57604,942682,5000
254,1,5,19,20,24,30,27,1325309,59196,54852,978906,5000
255,1,5,6,24,27,42,32,1516716,55422,57689,945297,5000
256,4,11,14,21,23,43,32,1367735,56975,57230,938980,5000
257,6,13,27,31,32,37,4,1292986,57977,54996,954861,5000
258,14,27,30,31,38,40,17,938297,54638,59213,901197,5000
259,4,5,14,35,42,45,34,1565869,50402,64000,864868,5000
260,7,12,15,24,37,40,43,1199422,58258,52871,933907,5000
261,6,11,16,18,31,43,2,1445788,56285,56717,929205,5000
262,9,12,24,25,29,31,36,1361888,54807,54966,910729,5000
263,1,27,28,32,37,40,18,1656036,50490,61466,864303,5000
264,9,16,27,36,41,44,5,1498604,50096,62642,840243,5000
265,5,9,34,37,38,39,12,1585266,52966,60459,889156,5000
266,3,4,9,11,22,42,37,1343054,58820,54526,986495,5000
267,7,8,24,34,36,41,1,1427548,55101,59122,925922,5000
268,3,10,19,24,32,45,12,1157206,61857,50960,969153,5000
269,5,18,20,36,42,43,32,1611933,50514,64715,866762,5000
270,5,9,12,20,21,26,27,1293499,59807,53724,971485,5000
271,3,8,9,27,29,40,36,1246751,59418,52709,956127,5000
272,7,9,12,27,39,43,28,1209442,63219,52419,1017199,5000
273,1,8,24,31,34,44,6,1523515,56192,59431,942078,5000
274,13,14,15,26,35,39,25,1331784,57315,58277,923057,5000
275,14,19,20,35,38,40,26,1689215,51657,64813,884959,5000
276,4,15,21,33,39,41,25,1426602,59894,55308,944192,5000
277,10,12,13,15,25,29,20,1482169,55271,59211,914243,5000
278,3,11,37,39,41,43,13,1463054,55643,57268,922288,5000
279,7,16,31,36,37,38,11,1466150,55421,57566,922712,5000
280,10,11,23,24,36,37,35,1380904,53915,58653,905130,5000
281,1,3,4,6,14,41,12,1042712,74543,41713,970685,5000
282,2,5,10,18,31,32,30,1012735,66297,46530,1020328,5000
283,6,8,18,31,38,45,42,1478429,52989,59206,876107,5000
284,2,7,15,24,30,45,28,1632273,50537,61691,859700,5000
285,13,33,37,40,41,45,2,1555738,51283,61705,872117,5000
286,1,15,19,40,42,44,17,1566586,48857,66246,857882,5000
287,6,12,24,27,35,37,41,1165489,60597,51161,962149,5000
288,1,12,17,28,35,41,10,1488171,50246,62553,853998,5000
289,3,14,33,37,38,42,10,1501748,52281,58541,880103,5000
290,8,13,18,32,39,45,7,1361059,106752,58573,1783529,5000
291,3,7,8,18,20,42,45,1379258,62513,54144,1029643,5000
292,17,18,31,32,33,34,10,995778,66893,50256,977718,5000
293,1,9,17,21,29,33,24,1435672,61059,54268,926442,5000
294,6,10,17,30,37,38,40,1411027,56795,56496,947708,5000
295,1,4,12,16,18,38,8,1616207,55376,59131,950380,5000
296,3,8,15,27,30,45,44,1186303,89945,54498,1435988,5000
297,6,11,19,20,28,32,34,1322005,61258,55032,993035,5000
298,5,9,27,29,37,40,19,1220717,63561,51970,1011908,5000
299,1,3,20,25,36,45,24,1548362,58114,59575,984255,5000
300,7,9,10,12,26,38,39,1180922,70193,47646,1102135,5000
301,7,11,13,33,37,43,26,1328573,65756,51361,1060486,5000
302,13,19,20,32,38,42,4,1608515,59455,61360,990149,5000
303,2,14,17,30,38,45,43,1444516,56266,59459,938678,5000
304,4,10,16,26,33,41,38,1165250,62096,53519,992573,5000
305,7,8,18,21,23,39,9,1215330,66162,50589,1049049,5000
306,4,18,23,30,34,41,19,1437428,56687,61822,937697,5000
307,5,15,21,23,25,45,12,1465672,59400,58085,937908,5000
308,14,15,17,19,37,45,40,1743844,53749,63461,922984,5000
309,1,2,5,11,18,36,22,1189191,69125,47826,1109802,5000
310,1,5,19,28,34,41,16,1592036,53956,64088,913906,5000
311,4,12,24,27,28,32,10,1210752,64780,50950,1020412,5000
312,2,3,5,6,12,20,25,761892,91934,34211,1080450,5000
313,9,17,34,35,43,45,2,1531628,55743,61548,936364,5000
314,15,17,19,34,38,41,2,1556244,54892,60502,911785,5000
315,1,13,33,35,43,45,23,1641554,56207,62091,943975,5000
316,10,11,21,27,31,39,43,1197130,68356,48967,1060204,5000
317,3,10,11,22,36,39,8,1517232,57565,59672,978500,5000
318,2,17,19,20,34,45,21,1311481,64077,56531,1044063,5000
319,5,8,22,28,33,42,37,1546235,59490,59833,984086,5000
320,16,19,23,25,41,45,3,1699991,57061,64412,990610,5000
321,12,18,20,21,25,34,42,1535374,68791,56960,1143526,5000
322,9,18,29,32,38,43,20,1300031,67829,56158,1085740,5000
323,10,14,15,32,36,42,3,1657902,60796,64085,1024880,5000
324,2,4,21,25,33,36,17,1518836,62473,59710,1068571,5000
325,7,17,20,32,44,45,33,1435710,62629,57677,1051453,5000
326,16,23,25,33,36,39,40,1372386,64087,57177,1058186,5000
327,6,12,13,17,32,44,24,1421377,63599,55515,1048457,5000
328,1,6,9,16,17,28,24,1318693,66590,54657,1092107,5000
329,9,17,19,30,35,42,4,1506495,62711,58376,1059068,5000
330,3,4,16,17,19,20,23,1218324,69225,50370,1099109,5000
331,4,9,14,26,31,44,39,1322285,64617,55866,1054309,5000
332,16,17,34,36,42,45,3,1650818,59833,60589,979060,5000
333,5,14,27,30,39,43,35,1325631,59991,60326,982937,5000
334,13,15,21,29,39,43,33,1684206,52311,67934,890292,5000
335,5,9,16,23,26,45,21,1389453,60578,56057,1001927,5000
336,3,5,20,34,35,44,16,1704381,54887,61422,935668,5000
337,1,5,14,18,32,37,4,1404245,59392,56462,989912,5000
338,2,13,34,38,42,45,16,1506426,54492,62091,930171,5000
339,6,8,14,21,30,37,45,1486150,54545,60324,913229,5000
340,18,24,26,29,34,38,32,1492705,56209,59752,930628,5000
341,1,8,19,34,39,43,41,1414367,58756,59458,978760,5000
342,1,13,14,33,34,43,25,1467331,56149,61517,924123,5000
343,1,10,17,29,31,43,15,1566746,53794,63842,931340,5000
344,1,2,15,28,34,45,38,1547581,56496,60593,960640,5000
345,15,20,23,29,39,42,2,1687282,50722,68394,884042,5000
346,5,13,14,22,44,45,33,1467225,54509,61695,923360,5000
347,3,8,13,27,32,42,10,1214722,63761,53306,1023184,5000
348,3,14,17,20,24,31,34,1350244,65694,50233,978637,5000
349,5,13,14,20,24,25,36,1435450,59338,56511,990178,5000
350,1,8,18,24,29,33,35,1379765,57420,57527,964952,5000
351,5,25,27,29,34,36,33,1514722,55472,62094,950273,5000
352,5,16,17,20,26,41,24,1486157,58931,58810,1006238,5000
353,11,16,19,22,29,36,26,1692527,54217,65058,928067,5000
354,14,19,36,43,44,45,1,1745944,54318,65187,930195,5000
355,5,8,29,30,35,44,38,1634236,54130,66058,925997,5000
356,2,8,14,25,29,45,24,1374330,61162,56761,996940,5000
357,10,14,18,21,36,37,5,1587036,56547,62643,980978,5000
358,1,9,10,12,21,40,37,1256388,68247,50884,1092528,5000
359,1,10,19,20,24,40,23,1036001,73283,46822,1097592,5000
360,4,16,23,25,35,40,27,1476290,60311,59139,1005187,5000
361,5,10,16,24,27,35,33,1174733,67347,51039,1068999,5000
362,2,3,22,27,30,40,29,1474361,56798,60898,974787,5000
363,11,12,14,21,32,38,6,1434162,59672,58451,998514,5000
364,2,5,7,14,16,40,4,1340702,63195,53421,1043314,5000
365,5,15,21,25,26,30,31,1509698,62472,57081,1014701,5000
366,5,12,19,26,27,44,38,1103186,71467,49921,1028514,5000
367,3,22,25,29,32,44,19,1759161,55158,66912,955212,5000
368,11,21,24,30,39,45,26,1431071,57581,59400,954346,5000
369,17,20,35,36,41,43,21,1592203,59383,62044,987272,5000
370,16,18,24,42,44,45,17,1677026,60549,64701,1058734,5000
371,7,9,15,26,27,42,18,1480560,62102,57266,1028012,5000
372,8,11,14,16,18,21,13,1307668,62564,57186,1038927,5000
373,15,26,37,42,43,45,9,1666250,57659,64559,987105,5000
374,11,13,15,17,25,34,26,1318245,69786,52816,1122320,5000
375,4,8,19,25,27,45,7,1442402,64951,56807,1096831,5000
376,1,11,13,24,28,40,7,1386900,69450,56355,1151878,5000
377,6,22,29,37,43,45,23,1632757,58733,66608,1009758,5000
378,5,22,29,31,34,39,43,1718341,59742,64659,1023866,5000
379,6,10,22,31,35,40,19,1390090,62084,60096,1022769,5000
380,1,2,8,17,26,37,27,1222348,77583,46132,1137404,5000
381,1,5,10,12,16,20,11,904345,82120,43632,1211298,5000
382,10,15,22,24,27,42,19,1523660,62267,59315,1046779,5000
383,4,15,28,33,37,40,25,1437459,60525,59423,1010183,5000
384,11,22,24,32,36,38,7,1505652,62090,58927,1030160,5000
385,7,12,19,21,29,32,9,1456712,62096,57944,1026272,5000
386,4,7,10,19,31,40,26,1032832,72203,48150,1114222,5000
387,1,26,31,34,40,43,20,1515454,58115,61385,978618,5000
388,1,8,9,17,29,32,45,1337297,61475,55211,1036812,5000
389,7,16,18,20,23,26,3,1409303,60800,58088,1021691,5000
390,16,17,28,37,39,40,15,1590617,55834,61934,960968,5000
391,10,11,18,22,28,39,30,1309992,60803,57611,1013235,5000
392,1,3,7,8,24,42,43,1139315,73927,46358,1125811,5000
393,9,16,28,40,41,43,21,1694035,55951,64915,966901,5000
394,1,13,20,22,25,28,15,1474855,56300,63081,967784,5000
395,11,15,20,26,31,35,7,1260851,64267,55718,1038443,5000
396,18,20,31,34,40,45,30,1468836,61586,57336,1015292,5000
397,12,13,17,22,25,33,8,1280937,66958,52265,1089481,5000
398,10,15,20,23,42,44,7,1607090,57405,62263,968563,5000
399,1,2,9,17,19,42,20,1164483,76998,44222,1150232,5000
400,9,21,27,34,41,43,2,1419370,59141,60192,978194,5000
401,6,12,18,31,38,43,9,1293227,59599,50000,949491,5000
402,5,9,15,19,22,36,32,1396385,62656,50000,1034048,5000
403,10,14,22,24,28,37,26,1338883,63122,50000,1030051,5000
404,5,20,21,24,33,40,36,1400888,63559,50000,1050065,5000
405,1,2,10,25,26,44,4,1381091,63080,50000,1056188,5000
406,7,12,21,24,27,36,45,1246038,66604,50000,1065324,5000
407,6,7,13,16,24,25,1,1517870,65481,50000,1108695,5000
408,9,20,21,22,30,37,16,1497439,62101,50000,1039160,5000
409,6,9,21,31,32,40,38,1463127,64123,50000,1061106,5000
410,1,3,18,32,40,41,16,1438223,65942,50000,1088956,5000
411,11,14,22,35,37,39,5,1446476,63403,50000,1041554,5000
412,4,7,39,41,42,45,40,1579913,59882,50000,1016225,5000
413,2,9,15,23,34,40,3,1493989,62797,50000,1062284,5000
414,2,14,15,22,23,44,43,1598885,58726,50000,982817,5000
415,7,17,20,26,30,40,24,1120927,71409,50000,1114259,5000
416,5,6,8,11,22,26,44,1190359,70470,50000,1122015,5000
417,4,5,14,20,22,43,44,1590929,58879,50000,1001817,5000
418,11,13,15,26,28,34,31,1454560,61748,50000,1025606,5000
419,2,11,13,14,28,30,7,1589821,60100,50000,1012637,5000
420,4,9,10,29,31,34,27,1600513,62929,50000,1065564,5000
421,6,11,26,27,28,44,30,1607887,62947,50000,1050873,5000
422,8,15,19,21,34,44,12,1705531,64044,50000,1104218,5000
423,1,17,27,28,29,40,5,1360389,69948,50000,1150428,5000
424,10,11,26,31,34,44,30,1096759,75456,50000,1159669,5000
425,8,10,14,27,33,38,3,1577829,66071,50000,1110949,5000
426,4,17,18,27,39,43,19,1393135,71102,50000,1174590,5000
427,6,7,15,24,28,30,21,1480736,71400,50000,1184720,5000
428,12,16,19,22,37,40,8,1375335,76003,50000,1258031,5000
429,3,23,28,34,39,42,16,1604649,68256,50000,1150652,5000
430,1,3,16,18,30,34,44,1483104,70039,50000,1180669,5000
431,18,22,25,31,38,45,6,1581195,66865,50000,1115054,5000
432,2,3,5,11,27,39,33,1096846,83754,50000,1331414,5000
433,19,23,29,33,35,43,27,1696041,65906,50000,1112537,5000
434,3,13,20,24,33,37,35,1056998,78263,50000,1217852,5000
435,8,16,26,30,38,45,42,1504851,67838,50000,1122280,5000
436,9,14,20,22,33,34,28,1414987,70742,50000,1153313,5000
437,11,16,29,38,41,44,21,1630051,64531,50000,1080539,5000
438,6,12,20,26,29,38,45,1585352,65010,50000,1081763,5000
439,17,20,30,31,37,40,25,1322253,75335,50000,1174597,5000
440,10,22,28,34,36,44,2,1335033,68428,50000,1103401,5000
441,1,23,28,30,34,35,9,1875432,60027,50000,1045164,5000
442,25,27,29,36,38,40,41,1668073,63699,50000,1092813,5000
443,4,6,10,19,20,44,14,1193883,74414,50000,1193233,5000
444,11,13,23,35,43,45,17,1635508,65611,50000,1087892,5000
445,13,20,21,30,39,45,32,1766946,61433,50000,1046503,5000
446,1,11,12,14,26,35,6,1473181,68198,50000,1136546,5000
447,2,7,8,9,17,33,34,1029612,84363,50000,1276737,5000
448,3,7,13,27,40,41,36,1415687,72122,50000,1191936,5000
449,3,10,20,26,35,43,36,1567458,65963,50000,1114025,5000
450,6,14,19,21,23,31,13,1475458,67461,50000,1113967,5000
451,12,15,20,24,30,38,29,1185671,74696,50000,1181075,5000
452,8,10,18,30,32,34,27,1475619,66864,50000,1112471,5000
453,12,24,33,38,40,42,30,1335419,69250,50000,1096036,5000
454,13,25,27,34,38,41,10,1343818,74480,50000,1090420,5000
455,4,19,20,26,30,35,24,1317908,69056,50000,1133097,5000
456,1,7,12,18,23,27,44,1154037,75858,50000,1199612,5000
457,8,10,18,23,27,40,33,1283647,72524,50000,1149591,5000
458,4,9,10,32,36,40,18,1496918,72902,50000,1216672,5000
459,4,6,10,14,25,40,12,1260977,73084,50000,1167264,5000
460,8,11,28,30,43,45,41,1622493,66799,50000,1130818,5000
461,11,18,26,31,37,40,43,1134931,75605,50000,1188529,5000
462,3,20,24,32,37,45,4,1418996,67106,50000,1096569,5000
463,23,29,31,33,34,44,40,1613584,62251,50000,1060512,5000
464,6,12,15,34,42,44,4,1668457,159899,50000,2682564,5000
465,1,8,11,13,22,38,31,1295023,83244,50000,1356052,5000
466,4,10,13,23,32,44,20,1314703,83132,50000,1327403,5000
467,2,12,14,17,24,40,39,1188936,88314,50000,1410192,5000
468,8,13,15,28,37,43,17,1572269,70701,50000,1187572,5000
469,4,21,22,34,37,38,33,1738519,65880,50000,1125554,5000
470,10,16,20,39,41,42,27,1558753,71706,50000,1207572,5000
471,6,13,29,37,39,41,43,1856075,63297,50000,1096176,5000
472,16,25,26,31,36,43,44,1561587,68212,50000,1132776,5000
473,8,13,20,22,23,36,34,1650378,67064,50000,1148971,5000
474,4,13,18,31,33,45,43,1347369,81500,50000,1336085,5000
475,1,9,14,16,21,29,3,1519896,75257,50000,1238055,5000
476,9,12,13,15,37,38,27,1772206,68643,50000,1203577,5000
477,14,25,29,32,33,45,37,1735877,73001,50000,1256239,5000
478,18,29,30,37,39,43,8,1792627,67069,50000,1141261,5000
479,8,23,25,27,35,44,24,1607665,71489,50000,1197119,5000
480,3,5,10,17,30,31,16,1007478,96288,50000,1382163,5000
481,3,4,23,29,40,41,20,1792642,66695,50000,1185827,5000
482,1,10,16,24,25,35,43,1350971,78522,50000,1292139,5000
483,12,15,19,22,28,34,5,1134322,83480,50000,1300537,5000
484,1,3,27,28,32,45,11,1716533,70285,50000,1197263,5000
485,17,22,26,27,36,39,20,1601859,72785,50000,1237898,5000
486,1,2,23,25,38,40,43,1455946,72658,50000,1230904,5000
487,4,8,25,27,37,41,21,1376880,76639,50000,1265088,5000
488,2,8,17,30,31,38,25,1648567,69224,50000,1181353,5000
489,2,4,8,15,20,27,11,1369546,75822,50000,1227452,5000
490,2,7,26,29,40,43,42,1599318,65961,50000,1126965,5000
491,8,17,35,36,39,42,4,1619919,68290,50000,1133544,5000
492,22,27,31,35,37,40,42,1448753,69327,50000,1152057,5000
493,20,22,26,33,36,37,25,1621968,68608,50000,1154415,5000
494,5,7,8,15,30,43,22,1370486,74174,50000,1215736,5000
495,4,13,22,27,34,44,6,1346713,75762,50000,1228344,5000
496,4,13,20,29,36,41,39,1577122,66873,50000,1117856,5000
497,19,20,23,24,43,44,13,1936253,61101,50000,1073640,5000
498,13,14,24,32,39,41,3,1621441,68471,50000,1139612,5000
499,5,20,23,27,35,40,43,1344281,76797,50000,1252409,5000
500,3,4,12,20,24,34,41,1106832,84979,50000,1308863,5000
501,1,4,10,17,31,42,2,1230507,77235,50000,1272541,5000
502,6,22,28,32,34,40,26,1485465,70160,50000,1176131,5000
503,1,5,27,30,34,36,40,1673819,69822,50000,1198882,5000
504,6,14,22,26,43,44,31,1672995,63257,50000,1082365,5000
505,7,20,22,25,38,40,44,1331914,69758,50000,1144014,5000
506,6,9,11,22,24,30,31,1282536,75289,50000,1224774,5000
507,12,13,32,33,40,41,4,1442403,73411,50000,1230314,5000
508,5,27,31,34,35,43,37,1336306,75460,50000,1234049,5000
509,12,25,29,35,42,43,24,1824835,64934,50000,1104261,5000
510,12,29,32,33,39,40,42,1670558,69724,50000,1173715,5000
511,3,7,14,23,26,42,24,1420984,72310,50000,1209004,5000
512,4,5,9,13,26,27,1,1210982,82439,50000,1318396,5000
513,5,8,21,23,27,33,12,1411324,82270,50000,1337355,5000
514,1,15,20,26,35,42,9,1634015,70323,50000,1181166,5000
515,2,11,12,15,23,37,8,1517296,74773,50000,1258039,5000
516,2,8,23,41,43,44,30,1773305,67233,50000,1169955,5000
517,1,9,12,28,36,41,10,1484181,70854,50000,1192872,5000
518,14,23,30,32,34,38,6,1678135,71110,50000,1198970,5000
519,6,8,13,16,30,43,3,1677010,71405,50000,1206248,5000
520,4,22,27,28,38,40,1,1332026,77196,50000,1260891,5000
521,3,7,18,29,32,36,19,1400679,75589,50000,1250016,5000
522,4,5,13,14,37,41,11,1526170,76078,50000,1293961,5000
523,1,4,37,38,40,45,7,1334029,79706,50000,1247454,5000
524,10,11,29,38,41,45,21,1739759,67866,50000,1163075,5000
525,11,23,26,29,39,44,22,1459300,73791,50000,1215973,5000
526,7,14,17,20,35,39,31,1453248,78325,50000,1291054,5000
527,1,12,22,32,33,42,38,1137183,83212,50000,1287504,5000
528,5,17,25,31,39,40,10,1212662,87443,50000,1366616,5000
529,18,20,24,27,31,42,39,1552699,75069,50000,1282443,5000
530,16,23,27,29,33,41,22,1558342,75595,50000,1255300,5000
531,1,5,9,21,27,35,45,1410557,78757,50000,1317489,5000
532,16,17,23,24,29,44,3,1747554,74186,50000,1288672,5000
533,9,14,15,17,31,33,23,1569477,78509,50000,1333013,5000
534,10,24,26,29,37,38,32,1541506,79943,50000,1332446,5000
535,11,12,14,15,18,39,34,1632144,76742,50000,1336486,5000
536,7,8,18,32,37,43,12,1431361,80139,50000,1336621,5000
537,12,23,26,30,36,43,11,1699940,75265,50000,1265143,5000
538,6,10,18,31,32,34,11,1359636,82529,50000,1347630,5000
539,3,19,22,31,42,43,26,1600761,75592,50000,1270479,5000
540,3,12,13,15,34,36,14,1647216,72629,50000,1234194,5000
541,8,13,26,28,32,34,43,1611565,73911,50000,1246235,5000
542,5,6,19,26,41,45,34,1603814,72242,50000,1236252,5000
543,13,18,26,31,34,44,12,1131032,81520,50000,1280433,5000
544,5,17,21,25,36,44,10,1484725,74263,50000,1235509,5000
545,4,24,25,27,34,35,2,1468375,77301,50000,1306657,5000
546,8,17,20,27,37,43,6,652637,104469,50000,1379107,5000
547,6,7,15,22,34,39,28,1528018,75527,50000,1256984,5000
548,1,12,13,21,32,45,14,1406944,78057,50000,1291286,5000
549,29,31,35,38,40,44,17,1578844,71700,50000,1213077,5000
550,1,7,14,20,34,37,41,751801,103421,50000,1328508,5000
551,3,6,20,24,27,44,25,1565622,77811,50000,1313634,5000
552,1,10,20,32,35,40,43,1226793,86409,50000,1347284,5000
553,2,7,17,28,29,39,37,1365897,77687,50000,1272468,5000
554,13,14,17,32,41,42,6,1530525,74436,50000,1234010,5000
555,11,17,21,24,26,36,12,1468063,78046,50000,1296730,5000
556,12,20,23,28,30,44,43,1657981,73689,50000,1257532,5000
557,4,20,26,28,35,40,31,1465568,74569,50000,1238570,5000
558,12,15,19,26,40,43,29,1557663,77834,50000,1206457,5000
559,11,12,25,32,44,45,23,1434975,73823,50000,1239640,5000
560,1,4,20,23,29,45,28,1562431,73123,50000,1235465,5000
561,5,7,18,37,42,45,20,1600252,73966,50000,1252562,5000
562,4,11,13,17,20,31,33,1195607,85094,50000,1355577,5000
563,5,10,16,17,31,32,21,1373239,79945,50000,1324790,5000
564,14,19,25,26,27,34,2,1368871,83100,50000,1358618,5000
565,4,10,18,27,40,45,38,1244777,85438,50000,1384878,5000
566,4,5,6,25,26,43,41,1504374,74789,50000,1275890,5000
567,1,10,15,16,32,41,28,1498811,76284,50000,1271252,5000
568,1,3,17,20,31,44,40,1179014,87784,50000,1409876,5000
569,3,6,13,23,24,35,1,1355188,81582,50000,1329250,5000
570,1,12,26,27,29,33,42,1456890,77565,50000,1323078,5000
571,11,18,21,26,38,43,29,1523437,74042,50000,1238061,5000
572,3,13,18,33,37,45,1,1282750,81361,50000,1274889,5000
573,2,4,20,34,35,43,14,1352809,78997,50000,1308493,5000
574,14,15,16,19,25,43,2,1844106,68910,50000,1184428,5000
575,2,8,20,30,33,34,6,1522642,75000,50000,1257969,5000
576,10,11,15,25,35,41,13,1384359,76903,50000,1242512,5000
577,16,17,22,31,34,37,33,1469345,79150,50000,1322032,5000
578,5,12,14,32,34,42,16,1442966,80303,50000,1326822,5000
579,5,7,20,22,37,42,39,1446840,85011,50000,1408043,5000
580,5,7,9,11,32,35,33,1421449,86352,50000,1401162,5000
581,3,5,14,20,42,44,33,1777028,76964,50000,1321056,5000
582,2,12,14,33,40,41,25,1455369,79917,50000,1333596,5000
583,8,17,27,33,40,44,24,1347238,88583,50000,1445611,5000
584,7,18,30,39,40,41,36,1718984,77972,50000,1328119,5000
585,6,7,10,16,38,41,4,1590851,79691,50000,1339079,5000
586,2,7,12,15,21,34,5,1510280,80965,50000,1346737,5000
587,14,21,29,31,32,37,17,1730890,73745,50000,1254438,5000
588,2,8,15,22,25,41,30,1436626,78517,50000,1315684,5000
589,6,8,28,33,38,39,22,1599118,77435,50000,1301184,5000
590,20,30,36,38,41,45,23,1860863,70019,50000,1221113,5000
591,8,13,14,30,38,39,5,1665923,73310,50000,1251393,5000
592,2,5,6,13,28,44,43,1675948,75519,50000,1284347,5000
593,9,10,13,24,33,38,28,1264715,87413,50000,1383890,5000
594,2,8,13,25,28,37,3,1315383,79157,50000,1301802,5000
595,8,24,28,35,38,40,5,1549656,77652,50000,1281555,5000
596,3,4,12,14,25,43,17,1340872,80007,50000,1313990,5000
597,8,10,23,24,35,43,37,1496189,75553,50000,1260248,5000
598,4,12,24,33,38,45,22,1083291,86005,50000,1333411,5000
599,5,12,17,29,34,35,27,1353843,79069,50000,1297530,5000
600,5,11,14,27,29,36,44,1485176,77138,50000,1258677,5000
601,2,16,19,31,34,35,37,1508475,72233,50000,1205559,5000
602,13,14,22,27,30,38,2,1344901,77026,50000,1251693,5000
603,2,19,25,26,27,43,28,1688500,71799,50000,1227396,5000
604,2,6,18,21,33,34,30,1553016,75476,50000,1266398,5000
605,1,2,7,9,10,38,42,914851,92980,50000,1386335,5000
606,1,5,6,14,20,39,22,1417604,82879,50000,1366588,5000
607,8,14,23,36,38,39,13,1608878,73277,50000,1220405,5000
608,4,8,18,19,39,44,41,1495681,74353,50000,1243159,5000
609,4,8,27,34,39,40,13,1303581,80472,50000,1300134,5000
610,14,18,20,23,28,36,33,1676690,71718,50000,1218676,5000
611,2,22,27,33,36,37,14,1571425,74589,50000,1258998,5000
612,6,9,18,19,25,33,40,1181921,86228,50000,1364516,5000
613,7,8,11,16,41,44,35,1511539,77945,50000,1299580,5000
614,8,21,25,39,40,44,18,1668402,80393,50000,1360707,5000
615,10,17,18,19,23,27,35,1378799,83981,50000,1383278,5000
616,5,13,18,23,40,45,3,1422187,81118,50000,1350809,5000
617,4,5,11,12,24,27,28,1090284,93731,50000,1481805,5000
618,8,16,25,30,42,43,15,1518726,75243,50000,1260882,5000
619,6,8,13,30,35,40,21,1347103,83710,50000,1355209,5000
620,2,16,17,32,39,45,40,1424643,78155,50000,1266599,5000
621,1,2,6,16,19,42,9,1517508,82843,50000,1336734,5000
622,9,15,16,21,28,34,24,1501472,77626,50000,1270437,5000
623,7,13,30,39,41,45,25,1660900,73522,50000,1245962,5000
624,1,7,19,26,27,35,16,1463220,78840,50000,1309900,5000
625,3,6,7,20,21,39,13,1393181,82014,50000,1354445,5000
626,13,14,26,33,40,43,15,1296996,86261,50000,1371217,5000
627,2,9,22,25,31,45,12,1471096,74824,50000,1243945,5000
628,1,7,12,15,23,42,11,1382012,80147,50000,1323978,5000
629,19,28,31,38,43,44,1,1841682,68554,50000,1183752,5000
630,8,17,21,24,27,31,15,1482620,84380,50000,1420745,5000
631,1,2,4,23,31,34,8,1559210,85710,50000,1491785,5000
632,15,18,21,32,35,44,6,1596603,78418,50000,1320223,5000
633,9,12,19,20,39,41,13,1360825,87613,50000,1430227,5000
634,4,10,11,12,20,27,38,1057757,101514,50000,1562975,5000
635,11,13,25,26,29,33,32,1499465,85675,50000,1427626,5000
636,6,7,15,16,20,31,26,1238292,90830,50000,1461300,5000
637,3,16,22,37,38,44,23,1587963,82147,50000,1369826,5000
638,7,18,22,24,31,34,6,1513072,84781,50000,1422596,5000
639,6,15,22,23,25,32,40,1663058,84861,50000,1439719,5000
640,14,15,18,21,26,35,23,1582156,85410,50000,1404905,5000
641,11,18,21,36,37,43,12,1695485,79145,50000,1340371,5000
642,8,17,18,24,39,45,32,1379020,88406,50000,1465689,5000
643,15,24,31,32,33,40,13,1662796,84656,50000,1407225,5000
644,5,13,17,23,28,36,8,1299593,87582,50000,1401744,5000
645,1,4,16,26,40,41,31,1395356,87873,50000,1444728,5000
646,2,9,24,41,43,45,30,1698258,77400,50000,1321212,5000
647,5,16,21,23,24,30,29,1600677,79202,50000,1351926,5000
648,13,19,28,37,38,43,4,1517159,80986,50000,1318403,5000
649,3,21,22,33,41,42,20,1454531,80347,50000,1313125,5000
650,3,4,7,11,31,41,35,1308940,87030,50000,1429743,5000
651,11,12,16,26,29,44,18,1468968,82567,50000,1365832,5000
652,3,13,15,40,41,44,20,1664165,75739,50000,1280663,5000
653,5,6,26,27,38,39,1,1146172,88995,50000,1419408,5000
654,16,21,26,31,36,43,6,1402203,77788,50000,1282725,5000
655,7,37,38,39,40,44,18,1547926,77437,50000,1281655,5000
656,3,7,14,16,31,40,39,1398589,83772,50000,1385757,5000
657,10,14,19,39,40,43,23,1627494,78396,50000,1325593,5000
658,8,19,25,28,32,36,37,1460696,82738,50000,1364069,5000
659,7,18,19,27,29,42,45,1388352,85028,50000,1396789,5000
660,4,9,23,33,39,44,14,1214141,88247,50000,1408802,5000
661,2,3,12,20,27,38,40,1248107,87840,50000,1426883,5000
662,5,6,9,11,15,37,26,1260761,88493,50000,1426759,5000
663,3,5,8,19,38,42,20,1491673,84092,50000,1386028,5000
664,10,20,33,36,41,44,5,1674076,77395,50000,1320082,5000
665,5,6,11,17,38,44,13,1356883,87227,50000,1430205,5000
666,2,4,6,11,17,28,16,1231074,93631,50000,1493940,5000
667,15,17,25,37,42,43,13,1685176,81344,50000,1368363,5000
668,12,14,15,24,27,32,3,1330824,89414,50000,1452289,5000
669,7,8,20,29,33,38,9,1389520,93078,50000,1531364,5000
670,11,18,26,27,40,41,25,1111166,92680,50000,1483948,5000
671,7,9,10,13,31,35,24,1395697,90364,50000,1519963,5000
672,8,21,28,31,36,45,43,1615788,80167,50000,1341175,5000
673,7,10,17,29,33,44,5,1333560,88838,50000,1450769,5000
674,9,10,14,25,27,31,11,1278849,89646,50000,1465031,5000
675,1,8,11,15,18,45,7,1297361,88118,50000,1415830,5000
676,1,8,17,34,39,45,27,1505287,83276,50000,1371921,5000
677,12,15,24,36,41,44,42,1505871,79827,50000,1330115,5000
678,4,5,6,12,25,37,45,1233688,93305,50000,1494095,5000
679,3,5,7,14,26,34,35,1304450,91171,50000,1493041,5000
680,4,10,19,29,32,42,30,1385739,86441,50000,1413980,5000
681,21,24,27,29,43,44,7,1871152,73062,50000,1282079,5000
682,17,23,27,35,38,43,2,1463611,87618,50000,1464978,5000
683,6,13,20,27,28,40,15,996974,117974,50000,1700964,5000
684,1,11,15,17,25,39,40,1287208,98607,50000,1623161,5000
685,6,7,12,28,38,40,18,1434385,95302,50000,1576169,5000
686,7,12,15,24,25,43,13,1386676,91027,50000,1483730,5000
687,1,8,10,13,28,42,45,1528107,91404,50000,1538380,5000
688,5,15,22,23,34,35,2,1400715,97676,50000,1610713,5000
689,7,17,19,30,36,38,34,1497368,90296,50000,1509073,5000
690,24,25,33,34,38,39,43,1589317,87970,50000,1528472,5000
691,15,27,33,35,43,45,16,1662352,86063,50000,1455528,5000
692,3,11,14,15,32,36,44,1516848,87763,50000,1465709,5000
693,1,6,11,28,34,42,30,1618168,87017,50000,1484420,5000
694,7,15,20,25,33,43,12,1133739,102474,50000,1581822,5000
695,4,18,26,33,34,38,14,1343471,95436,50000,1558885,5000
696,1,7,16,18,34,38,21,1580530,90020,50000,1501952,5000
697,2,5,8,11,33,39,31,1315673,99698,50000,1615786,5000
698,3,11,13,21,33,37,18,1226746,97965,50000,1550364,5000
699,4,5,8,16,21,29,3,1478905,90504,50000,1512397,5000
700,11,23,28,29,30,44,13,1777294,82874,50000,1414076,5000
701,3,10,14,16,36,38,35,1590500,81917,50000,1404422,5000
702,3,13,16,24,26,29,9,1476636,88043,50000,1443954,5000
703,10,28,31,33,41,44,21,1568637,84194,50000,1416580,5000
704,1,4,8,23,33,42,45,1351938,95021,50000,1519932,5000
705,1,6,17,22,28,45,23,1472653,87931,50000,1453654,5000
706,3,4,6,10,28,30,37,1211811,95376,50000,1531393,5000
707,2,12,19,24,39,44,35,1318213,94281,50000,1507647,5000
708,2,10,16,19,34,45,1,1596399,86091,50000,1446865,5000
709,10,18,30,36,39,44,32,1603165,82305,50000,1385853,5000
710,3,4,9,24,25,33,10,1212497,102058,50000,1627229,5000
711,11,15,24,35,37,45,42,1424656,89898,50000,1465123,5000
712,17,20,30,31,33,45,19,1557416,86066,50000,1449521,5000
713,2,5,15,18,19,23,44,1436115,87920,50000,1470125,5000
714,1,7,22,33,37,40,20,1198943,96576,50000,1551993,5000
715,2,7,27,33,41,44,10,1391090,90747,50000,1503174,5000
716,2,6,13,16,29,30,21,1559096,88628,50000,1469730,5000
717,2,11,19,25,28,32,44,1369015,96836,50000,1567530,5000
718,4,11,20,23,32,39,40,1091572,114614,50000,1595315,5000
719,4,8,13,19,20,43,26,1395729,99906,50000,1627784,5000
720,1,12,29,34,36,37,41,1619122,88260,50000,1505233,5000
721,1,28,35,41,43,44,31,1886553,84770,50000,1464353,5000
722,12,14,21,30,39,43,45,1724101,84912,50000,1439078,5000
723,20,30,33,35,36,44,22,1586469,85141,50000,1412967,5000
724,2,8,33,35,37,41,14,1557873,90083,50000,1528970,5000
725,6,7,19,21,41,43,38,1612943,88359,50000,1504907,5000
726,1,11,21,23,34,44,24,1297143,96718,50000,1556425,5000
727,7,8,10,19,21,31,20,1260620,99271,50000,1600135,5000
728,3,6,10,30,34,37,36,1446168,94693,50000,1559062,5000
729,11,17,21,26,36,45,16,1492712,89560,50000,1504682,5000
730,4,10,14,15,18,22,39,1544999,88791,50000,1501752,5000
731,2,7,13,25,42,45,39,1431106,96083,50000,1594258,5000
732,2,4,5,17,27,32,43,1247202,104583,50000,1705993,5000
733,11,24,32,33,35,40,13,1362064,101369,50000,1633952,5000
734,6,16,37,38,41,45,18,1663307,92514,50000,1542069,5000
735,5,10,13,27,37,41,4,1356862,107013,50000,1752740,5000
736,2,11,17,18,21,27,6,1258283,107357,50000,1747634,5000
737,13,15,18,24,27,41,11,1474122,94183,50000,1567166,5000
738,23,27,28,38,42,43,36,1826840,88050,50000,1502685,5000
739,7,22,29,33,34,35,30,1628604,101983,50000,1719739,5000
740,4,8,9,16,17,19,31,1148668,115722,50000,1864169,5000
741,5,21,27,34,44,45,16,1664077,95007,50000,1619435,5000
742,8,10,13,36,37,40,6,1492870,98348,50000,1658556,5000
743,15,19,21,34,41,44,10,1535527,91886,50000,1555362,5000
744,10,15,18,21,34,41,43,1039414,109229,50000,1636793,5000
745,1,2,3,9,12,23,10,674272,141918,50000,1955276,5000
746,3,12,33,36,42,45,25,1606059,94197,50000,1589291,5000
747,7,9,12,14,23,28,17,1287696,105307,50000,1713003,5000
748,3,10,13,22,31,32,29,1493222,99448,50000,1652756,5000
749,12,14,24,26,34,45,41,1473666,95573,50000,1589197,5000
750,1,2,15,19,24,36,12,1653994,93135,50000,1585532,5000
751,3,4,16,20,28,44,17,1265743,102632,50000,1651438,5000
752,4,16,20,33,40,43,7,1377966,102477,50000,1646451,5000
753,2,17,19,24,37,41,3,1401813,97566,50000,1578072,5000
754,2,8,17,24,29,31,32,1538947,93279,50000,1573739,5000
755,13,14,26,28,30,36,37,1600309,89745,50000,1508502,5000
756,10,14,16,18,27,28,4,1524846,94800,50000,1598715,5000
757,6,7,11,17,33,44,1,974573,117353,50000,1788667,5000
758,5,9,12,30,39,43,24,1277401,106121,50000,1680080,5000
759,9,33,36,40,42,43,32,1722130,88543,50000,1525518,5000
760,10,22,27,31,42,43,12,1717782,89221,50000,1520831,5000
761,4,7,11,24,42,45,30,1305058,101503,50000,1660130,5000
762,1,3,12,21,26,41,16,1330261,103406,50000,1671344,5000
763,3,8,16,32,34,43,10,1412006,94176,50000,1562106,5000
764,7,22,24,31,34,36,15,1504178,90896,50000,1530979,5000
765,1,3,8,12,42,43,33,1307419,101653,50000,1643849,5000
766,9,30,34,35,39,41,21,1671386,85422,50000,1458764,5000
767,5,15,20,31,34,42,22,1527256,92437,50000,1549115,5000
768,7,27,29,30,38,44,4,1597841,93126,50000,1572387,5000
769,5,7,11,16,41,45,4,1476117,99272,50000,1660799,5000
770,1,9,12,23,39,43,34,1252882,108450,50000,1717526,5000
771,6,10,17,18,21,29,30,1415984,102013,50000,1680976,5000
772,5,6,11,14,21,41,32,1455032,103023,50000,1688350,5000
773,8,12,19,21,31,35,44,1409061,104474,50000,1690404,5000
774,12,15,18,28,34,42,9,1602500,101524,50000,1704279,5000
775,11,12,29,33,38,42,17,1682392,91297,50000,1539325,5000
776,8,9,18,21,28,40,20,1491176,102081,50000,1687650,5000
777,6,12,17,21,34,37,18,1208926,111938,50000,1766635,5000
778,6,21,35,36,37,41,11,1809379,92126,50000,1575045,5000
779,6,12,19,24,34,41,4,1118978,114464,50000,1751447,5000
780,15,17,19,21,27,45,16,1818632,92630,50000,1605516,5000
781,11,16,18,19,24,39,43,1435861,102959,50000,1699786,5000
782,6,18,31,34,38,45,20,1426347,96821,50000,1585617,5000
783,14,15,16,17,38,45,36,1642221,90899,50000,1532640,5000
784,3,10,23,24,31,39,22,1268506,115089,50000,1699421,5000
785,4,6,15,25,26,33,40,1463805,100062,50000,1678240,5000
786,12,15,16,20,24,30,38,1470080,103000,50000,1708226,5000
787,5,6,13,16,27,28,9,1321979,114842,50000,1863599,5000
788,2,10,11,19,35,39,29,1345384,112504,50000,1828701,5000
789,2,6,7,12,19,45,38,1170473,118089,50000,1868863,5000
790,3,8,19,27,30,41,12,1280394,113336,50000,1812992,5000
791,2,10,12,31,33,42,32,1213219,102931,50000,1713102,5000
792,2,7,19,25,29,36,16,1582411,99185,50000,1684675,5000
793,10,15,21,35,38,43,31,1529674,98216,50000,1635392,5000
794,6,7,18,19,30,38,13,1186331,116809,50000,1877646,5000
795,3,10,13,26,34,38,36,1297617,111043,50000,1825105,5000
796,1,21,26,36,40,41,5,1678331,96701,50000,1643069,5000
797,5,22,31,32,39,45,36,1710941,97900,50000,1641334,5000
798,2,10,14,22,32,36,41,1488979,98988,50000,1653851,5000
799,12,17,23,34,42,45,33,1357737,107519,50000,1725236,5000
800,1,4,10,12,28,45,26,1373315,110956,50000,1801924,5000
801,17,25,28,37,43,44,2,1505278,97006,50000,1618941,5000
802,10,11,12,18,24,42,27,1308501,107980,50000,1814300,5000
803,5,9,14,26,30,43,2,1458059,102413,50000,1657869,5000
804,1,10,13,26,32,36,9,1460935,100907,50000,1659443,5000
805,3,12,13,18,31,32,42,1370623,105602,50000,1700112,5000
806,14,20,23,31,37,38,27,1665345,91180,50000,1561838,5000
807,6,10,18,25,34,35,33,1226365,108300,50000,1749855,5000
808,15,21,31,32,41,43,24,1573711,95319,50000,1597761,5000
809,6,11,15,17,23,40,39,1340695,104350,50000,1703714,5000
810,5,10,13,21,39,43,11,1449325,100608,50000,1672013,5000
811,8,11,19,21,36,45,25,1369057,104155,50000,1703788,5000
812,1,3,12,14,16,43,10,1491880,100498,50000,1693074,5000
813,11,30,34,35,42,44,27,1700654,89323,50000,1548384,5000
814,2,21,28,38,42,45,30,1673319,93837,50000,1585777,5000
815,17,21,25,26,27,36,4,1767371,92977,50000,1596140,5000
816,12,18,19,29,31,39,7,1374747,102402,50000,1675799,5000
817,3,9,12,13,25,43,34,1355279,105276,50000,1718171,5000
818,14,15,25,28,29,30,3,1621541,90205,50000,1490497,5000
819,16,25,33,38,40,45,15,1527995,97667,50000,1638089,5000
820,10,21,22,30,35,42,6,1552530,99433,50000,1644326,5000
821,1,12,13,24,29,44,16,1462396,101082,50000,1687355,5000
822,9,18,20,24,27,36,12,1377357,108789,50000,1735565,5000
823,12,18,24,26,39,40,15,1283972,112065,50000,1795737,5000
824,7,9,24,29,34,38,26,1491746,105359,50000,1745566,5000
825,8,15,21,31,33,38,42,1475065,113070,50000,1850484,5000
826,13,16,24,25,33,36,42,1394619,108626,50000,1755153,5000
827,5,11,12,29,33,44,14,1427474,106164,50000,1761371,5000
828,4,7,13,29,31,39,18,1602085,100644,50000,1704198,5000
829,4,5,31,35,43,45,29,1774379,94679,50000,1637836,5000
830,5,6,16,18,37,38,17,1442948,106206,50000,1764071,5000
831,3,10,16,19,31,39,9,1113486,117332,50000,1849959,5000
832,13,14,19,26,40,43,30,1465750,102312,50000,1706379,5000
833,12,18,30,39,41,42,19,1615299,103152,50000,1715510,5000
834,6,8,18,35,42,43,3,1575804,99132,50000,1643491,5000
835,9,10,13,28,38,45,35,1337469,106763,50000,1767089,5000
836,1,9,11,14,26,28,19,1316130,103846,50000,1719260,5000
837,2,25,28,30,33,45,6,1562848,97334,50000,1656959,5000
838,9,14,17,33,36,38,20,1431582,107897,50000,1777501,5000
839,3,9,11,12,13,19,35,1105663,126227,50000,1946924,5000
840,2,4,11,28,29,43,27,1496676,110586,50000,1852019,5000
841,5,11,14,30,33,38,24,1269989,119648,50000,1901965,5000
842,14,26,32,36,39,42,38,1663786,103190,50000,1735911,5000
843,19,21,30,33,34,42,4,1670401,105717,50000,1777953,5000
844,7,8,13,15,33,45,18,1450080,120078,50000,1997556,5000
845,1,16,29,33,40,45,6,1701292,105790,50000,1782933,5000
846,5,18,30,41,43,45,13,1732557,106009,50000,1797728,5000
847,12,16,26,28,30,42,22,1375821,114324,50000,1857205,5000
848,1,2,16,22,38,39,34,1665961,103845,50000,1792259,5000
849,5,13,17,29,34,39,3,1223608,113125,50000,1851371,5000
850,16,20,24,28,36,39,5,1669594,101591,50000,1727367,5000
851,14,18,22,26,31,44,40,1576197,106132,50000,1750048,5000
852,11,17,28,30,33,35,9,1375013,114850,50000,1876933,5000
853,2,8,23,26,27,44,13,1667910,105158,50000,1787511,5000
854,20,25,31,32,36,43,3,1834696,99152,50000,1716083,5000
855,8,15,17,19,43,44,7,1683614,102532,50000,1765328,5000
856,10,24,40,41,43,44,17,1700842,104537,50000,1700369,5000
857,6,10,16,28,34,38,43,1357114,111971,50000,1833940,5000
858,9,13,32,38,39,43,23,1592059,106176,50000,1789295,5000
859,8,22,35,38,39,41,24,1793598,97729,50000,1678945,5000
860,4,8,18,25,27,32,42,1339533,128867,50000,1882931,5000
861,11,17,19,21,22,25,24,1439749,108644,50000,1819899,5000
862,10,34,38,40,42,43,32,1609395,104765,50000,1755036,5000
863,16,21,28,35,39,43,12,1630224,104949,50000,1753097,5000
864,3,7,10,13,25,36,32,1275645,122913,50000,1957675,5000
865,3,15,22,32,33,45,2,1619499,104626,50000,1749234,5000
866,9,15,29,34,37,39,12,1651408,104919,50000,1770017,5000
867,14,17,19,22,24,40,41,1507186,109516,50000,1820552,5000
868,12,17,28,41,43,44,25,1502698,109133,50000,1789491,5000
869,2,6,20,27,37,39,4,1449912,108562,50000,1814332,5000
870,21,25,30,32,40,42,31,1581279,102000,50000,1705285,5000
871,2,6,12,26,30,34,38,1421374,108666,50000,1792357,5000
872,2,4,30,32,33,43,29,1668591,99681,50000,1715898,5000
873,3,5,12,13,33,39,38,1315476,123684,50000,2001910,5000
874,1,15,19,23,28,42,32,1496149,110655,50000,1830269,5000
875,19,22,30,34,39,44,36,1450341,105071,50000,1726617,5000
876,5,16,21,26,34,42,24,1423054,112619,50000,1856647,5000
877,5,17,18,22,23,43,12,1584317,109806,50000,1867270,5000
878,2,6,11,16,25,31,3,1079769,129139,50000,1994188,5000
879,1,4,10,14,15,35,20,1236069,123497,50000,1952277,5000
880,7,17,19,23,24,45,38,1419717,114994,50000,1939064,5000
881,4,18,20,26,27,32,9,1524722,116952,50000,1939849,5000
882,18,34,39,43,44,45,23,1651966,109226,50000,1839873,5000
883,9,18,32,33,37,44,22,1340150,119613,50000,1924209,5000
884,4,14,23,28,37,45,17,1630338,108076,50000,1817654,5000
885,1,3,24,27,39,45,31,1467737,111832,50000,1869359,5000
886,19,23,28,37,42,45,2,1621691,109766,50000,1768281,5000
887,8,14,17,27,36,45,10,1415561,114719,50000,1885924,5000
888,3,7,12,31,34,38,32,1288414,123025,50000,1990715,5000
889,3,13,29,38,39,42,26,1503413,114198,50000,1907477,5000
890,1,4,14,18,29,37,6,1474424,114859,50000,1915593,5000
891,9,13,28,31,39,41,19,1472147,122132,50000,1998623,5000
892,4,9,17,18,26,42,36,1340858,134155,50000,2155749,5000
893,1,15,17,23,25,41,10,1687720,116062,50000,1899696,5000
894,19,32,37,40,41,43,45,1530204,116749,50000,1971982,5000
895,16,26,31,38,39,41,23,1402240,134059,50000,2185782,5000
896,5,12,25,26,38,45,23,1377453,128068,50000,2066172,5000
897,6,7,12,22,26,36,29,1463650,121076,50000,1996656,5000
898,18,21,28,35,37,42,17,1086138,137051,50000,2005739,5000
899,8,19,20,21,33,39,37,1398567,121900,50000,1993765,5000
900,7,13,16,18,35,38,14,1404550,113132,50000,1872855,5000
901,5,18,20,23,30,34,21,1473987,114451,50000,1890747,5000
902,7,19,23,24,36,39,30,1479141,119126,50000,1945304,5000
903,2,15,16,21,22,28,45,1575963,111981,50000,1902821,5000
904,2,6,8,26,43,45,11,1550751,115626,50000,1938996,5000
905,3,4,16,27,38,40,20,1332138,129133,50000,2111090,5000
906,2,5,14,28,31,32,20,1565602,117171,50000,1988860,5000
907,21,27,29,38,40,44,37,1605465,112189,50000,1903128,5000
908,3,16,21,22,23,44,30,1749102,108610,50000,1858567,5000
909,7,24,29,30,34,35,33,1599863,111558,50000,1910295,5000
910,1,11,17,27,35,39,31,1222943,128516,50000,2074354,5000
911,4,5,12,14,32,42,35,1370115,123236,50000,2064778,5000
912,5,8,18,21,22,38,10,1368212,125332,50000,2030860,5000
913,6,14,16,21,27,37,40,1447108,122530,50000,1996371,5000
914,16,19,24,33,42,44,27,1382983,122904,50000,2006794,5000
915,2,6,11,13,22,37,14,1444434,119025,50000,1966167,5000
916,6,21,22,32,35,36,17,1700186,111426,50000,1857917,5000
917,1,3,23,24,27,43,34,1581711,117542,50000,2000201,5000
918,7,11,12,31,33,38,5,1233580,137216,50000,2183337,5000
919,9,14,17,18,42,44,35,1411896,122864,50000,2052965,5000
920,2,3,26,33,34,43,29,1550385,117181,50000,1984222,5000
921,5,7,12,22,28,41,1,1302123,129993,50000,2101238,5000
922,2,6,13,17,27,43,36,1188423,136052,50000,2097501,5000
923,3,17,18,23,36,41,26,1496945,115877,50000,1937187,5000
924,3,11,34,42,43,44,13,1625863,113214,50000,1920852,5000
925,13,24,32,34,39,42,4,1516986,117863,50000,1944019,5000
926,10,16,18,20,25,31,6,1158907,133167,50000,2085580,5000
927,4,15,22,38,41,43,26,1593396,118446,50000,1979589,5000
928,3,4,10,20,28,44,30,1385761,121873,50000,2011931,5000
929,7,9,12,15,19,23,4,1151947,140880,50000,2244712,5000
930,8,21,25,38,39,44,28,1360432,128480,50000,2124548,5000
931,14,15,23,25,35,43,32,1518803,121943,50000,2041653,5000
932,1,6,15,36,37,38,5,1634309,120969,50000,2067196,5000
933,23,27,29,31,36,45,37,1762407,114043,50000,1962088,5000
934,1,3,30,33,36,39,12,1629440,116726,50000,1985417,5000
935,4,10,20,32,38,44,18,1263992,134376,50000,2118071,5000
936,7,11,13,17,18,29,43,1215606,140160,50000,2252623,5000
937,2,10,13,22,29,40,26,1521683,124141,50000,2092601,5000
938,4,8,10,16,31,36,9,1481277,124971,50000,2096955,5000
939,4,11,28,39,42,45,6,1380110,128408,50000,2127595,5000
940,3,15,20,22,24,41,11,1629353,123292,50000,2087480,5000
941,12,14,25,27,39,40,35,1097037,145544,50000,2282851,5000
942,10,12,18,35,42,43,39,1521101,120907,50000,2045438,5000
943,1,8,13,36,44,45,39,1472283,135763,50000,2238429,5000
944,2,13,16,19,32,33,42,1390464,147665,50000,2440455,5000
945,9,10,15,30,33,37,26,1536293,124224,50000,2120882,5000
946,9,18,19,30,34,40,20,1341371,138433,50000,2224563,5000
947,3,8,17,20,27,35,26,1202881,146908,50000,2351804,5000
948,13,18,30,31,38,41,5,1381184,137929,50000,2252913,5000
949,14,21,35,36,40,44,30,1579652,130363,50000,2192075,5000
950,3,4,15,22,28,40,10,1516249,146270,50000,2422941,5000
951,2,12,30,31,39,43,38,1402692,142335,50000,2346154,5000
952,4,12,22,24,33,41,38,1339438,141776,50000,2304925,5000
953,7,9,22,27,37,42,34,1169616,146120,50000,2331848,5000
954,1,9,26,28,30,41,32,1554884,132057,50000,2214839,5000
955,4,9,23,26,29,33,8,1526921,130744,50000,2196889,5000
956,10,11,20,21,25,41,40,1214806,144650,50000,2325943,5000
957,4,15,24,35,36,40,1,1375249,129545,50000,2131893,5000
958,2,9,10,16,35,37,1,1615506,131097,50000,2168146,5000
959,1,14,15,24,40,41,35,1606882,123802,50000,2072896,5000
960,2,18,24,30,32,45,14,1557762,129546,50000,2180006,5000
961,11,20,29,31,33,42,43,1422256,133764,50000,2197136,5000
962,1,18,28,31,34,43,40,1503996,126528,50000,2119457,5000
963,6,12,19,23,34,42,35,1176665,141987,50000,2219439,5000
964,6,21,36,38,39,43,30,1597781,123780,50000,2061560,5000
965,2,13,25,28,29,36,34,1662024,122129,50000,2043257,5000
966,1,21,25,29,34,37,36,1708691,115370,50000,1980202,5000
967,1,6,13,37,38,40,9,1564923,121200,50000,2042462,5000
968,2,5,12,14,24,39,33,1159633,148150,50000,2329460,5000
969,3,9,10,29,40,45,7,1455157,133079,50000,2211803,5000
970,9,11,16,21,28,36,5,1516850,124923,50000,2061176,5000
971,2,6,17,18,21,26,7,1387665,131409,50000,2171694,5000
972,3,6,17,23,37,39,26,1458997,126989,50000,2122398,5000
973,22,26,31,37,41,42,24,1720717,117757,50000,2003966,5000
974,1,2,11,16,39,44,32,1415629,129473,50000,2149319,5000
975,7,8,9,17,22,24,5,1294419,135604,50000,2212347,5000
976,4,12,14,25,35,37,2,1226747,142375,50000,2270249,5000
977,2,9,10,14,22,44,16,1574959,125781,50000,2097459,5000
978,1,7,15,32,34,42,8,1399736,133915,50000,2217326,5000
979,7,11,16,21,27,33,24,1097911,154980,50000,2403760,5000
980,3,13,16,23,24,35,14,1411027,135751,50000,2237534,5000
981,27,36,37,41,43,45,32,1528991,136630,50000,2289650,5000
982,5,7,13,20,21,44,33,1375472,139208,50000,2291933,5000
983,13,23,26,31,35,43,15,1580444,131780,50000,2196308,5000
984,3,10,23,35,36,37,18,1551814,128129,50000,2149335,5000
985,17,21,23,30,34,44,19,1572229,126523,50000,2123240,5000
986,7,10,16,28,41,42,40,1417398,133889,50000,2231167,5000
987,2,4,15,23,29,38,7,1335755,140004,50000,2283682,5000
988,2,13,20,30,31,41,27,1508725,129322,50000,2139025,5000
989,17,18,21,27,29,33,26,1589408,127891,50000,2158436,5000
990,2,4,25,26,36,37,28,1420652,129113,50000,2169219,5000
991,13,18,25,31,33,44,38,1304218,138068,50000,2226394,5000
992,12,20,26,33,44,45,24,1674636,124311,50000,2105282,5000
993,6,14,16,18,24,42,44,1460907,132583,50000,2220620,5000
994,1,3,8,24,27,35,28,1328279,137937,50000,2216661,5000
995,1,4,13,29,38,39,7,1439964,138372,50000,2269218,5000
996,6,11,15,24,32,39,28,1350305,155856,50000,2546181,5000